DELETE FROM tool_images WHERE 1=1;
DELETE FROM reservations WHERE 1=1;
DELETE FROM tools WHERE 1=1;
DELETE FROM terms WHERE 1=1;
DELETE FROM email_verification_tokens WHERE 1=1;
DELETE FROM users WHERE 1=1;
DELETE FROM categories WHERE 1=1;

INSERT INTO categories (id, name, display_name, description, created_at, updated_at) VALUES (1, 'GARDENING', 'Ogrodnictwo', 'Narzedzia ogrodnicze, kosiarki, przycinaki', CURRENT_TIMESTAMP, CURRENT_TIMESTAMP);
INSERT INTO categories (id, name, display_name, description, created_at, updated_at) VALUES (2, 'CONSTRUCTION', 'Budownictwo', 'Narzedzia budowlane, wiertarki, mloty', CURRENT_TIMESTAMP, CURRENT_TIMESTAMP);
INSERT INTO categories (id, name, display_name, description, created_at, updated_at) VALUES (3, 'ELECTRIC', 'Elektronarzedzia', 'Narzedzia elektryczne i akumulatorowe', CURRENT_TIMESTAMP, CURRENT_TIMESTAMP);
INSERT INTO categories (id, name, display_name, description, created_at, updated_at) VALUES (4, 'PLUMBING', 'Hydraulika', 'Narzedzia hydrauliczne, klucze, rury', CURRENT_TIMESTAMP, CURRENT_TIMESTAMP);
INSERT INTO categories (id, name, display_name, description, created_at, updated_at) VALUES (5, 'AUTOMOTIVE', 'Motoryzacja', 'Narzedzia samochodowe, podnosniki, klucze', CURRENT_TIMESTAMP, CURRENT_TIMESTAMP);
INSERT INTO categories (id, name, display_name, description, created_at, updated_at) VALUES (6, 'PAINTING', 'Malowanie', 'Narzedzia malarskie, pedzle, walki, sprezyarki', CURRENT_TIMESTAMP, CURRENT_TIMESTAMP);
INSERT INTO categories (id, name, display_name, description, created_at, updated_at) VALUES (7, 'CLEANING', 'Sprzatanie', 'Urzadzenia czyszczace, odkurzacze, myjki', CURRENT_TIMESTAMP, CURRENT_TIMESTAMP);
INSERT INTO categories (id, name, display_name, description, created_at, updated_at) VALUES (8, 'WOODWORKING', 'Stolarstwo', 'Narzedzia stolarskie, pily, strugi', CURRENT_TIMESTAMP, CURRENT_TIMESTAMP);
INSERT INTO categories (id, name, display_name, description, created_at, updated_at) VALUES (9, 'METALWORKING', 'Obrobka metalu', 'Narzedzia do obrobki metalu, szlifierki', CURRENT_TIMESTAMP, CURRENT_TIMESTAMP);
INSERT INTO categories (id, name, display_name, description, created_at, updated_at) VALUES (10, 'OUTDOOR', 'Sprzet zewnetrzny', 'Sprzet do uzytku na zewnatrz', CURRENT_TIMESTAMP, CURRENT_TIMESTAMP);
INSERT INTO categories (id, name, display_name, description, created_at, updated_at) VALUES (11, 'OTHER', 'Inne', 'Pozostale narzedzia', CURRENT_TIMESTAMP, CURRENT_TIMESTAMP);

INSERT INTO users (id, first_name, last_name, email, password, phone_number, blocked, verified, user_type, created_at, updated_at, changed_password_at, blocked_at, verified_at) VALUES (1, 'Jan', 'Kowalski', 'jan.kowalski@example.com', '$2a$10$Xg6FVKz4Fs9KU2qzL5qUouFVX8VNHN91OtQxcjxVLCajwIwQerGBu', '+48 123 456 789', false, true, 'USER', '2025-01-01 10:00:00', '2025-01-01 10:00:00', NULL, NULL, '2025-01-01 10:00:00');
INSERT INTO users (id, first_name, last_name, email, password, phone_number, blocked, verified, user_type, created_at, updated_at, changed_password_at, blocked_at, verified_at) VALUES (2, 'Anna', 'Nowak', 'anna.nowak@example.com', '$2a$10$Xg6FVKz4Fs9KU2qzL5qUouFVX8VNHN91OtQxcjxVLCajwIwQerGBu', '+48 234 567 890', false, true, 'USER', '2025-01-02 11:00:00', '2025-01-02 11:00:00', NULL, NULL, '2025-01-02 11:00:00');
INSERT INTO users (id, first_name, last_name, email, password, phone_number, blocked, verified, user_type, created_at, updated_at, changed_password_at, blocked_at, verified_at) VALUES (3, 'Piotr', 'Wisniewski', 'piotr.wisniewski@example.com', '$2a$10$Xg6FVKz4Fs9KU2qzL5qUouFVX8VNHN91OtQxcjxVLCajwIwQerGBu', '+48 345 678 901', false, true, 'USER', '2025-01-03 12:00:00', '2025-01-03 12:00:00', NULL, NULL, '2025-01-03 12:00:00');
INSERT INTO users (id, first_name, last_name, email, password, phone_number, blocked, verified, user_type, created_at, updated_at, changed_password_at, blocked_at, verified_at) VALUES (4, 'Maria', 'Wojcik', 'maria.wojcik@example.com', '$2a$10$Xg6FVKz4Fs9KU2qzL5qUouFVX8VNHN91OtQxcjxVLCajwIwQerGBu', '+48 456 789 012', false, true, 'USER', '2025-01-04 13:00:00', '2025-01-04 13:00:00', NULL, NULL, '2025-01-04 13:00:00');
INSERT INTO users (id, first_name, last_name, email, password, phone_number, blocked, verified, user_type, created_at, updated_at, changed_password_at, blocked_at, verified_at) VALUES (5, 'Tomasz', 'Kowalczyk', 'tomasz.kowalczyk@example.com', '$2a$10$Xg6FVKz4Fs9KU2qzL5qUouFVX8VNHN91OtQxcjxVLCajwIwQerGBu', '+48 567 890 123', false, true, 'USER', '2025-01-05 14:00:00', '2025-01-05 14:00:00', NULL, NULL, '2025-01-05 14:00:00');
INSERT INTO users (id, first_name, last_name, email, password, phone_number, blocked, verified, user_type, created_at, updated_at, changed_password_at, blocked_at, verified_at) VALUES (6, 'Moderator', 'Testowy', 'moderator@example.com', '$2a$10$Xg6FVKz4Fs9KU2qzL5qUouFVX8VNHN91OtQxcjxVLCajwIwQerGBu', '+48 678 901 234', false, true, 'MODERATOR', '2025-01-06 15:00:00', '2025-01-06 15:00:00', NULL, NULL, '2025-01-06 15:00:00');
INSERT INTO users (id, first_name, last_name, email, password, phone_number, blocked, verified, user_type, created_at, updated_at, changed_password_at, blocked_at, verified_at) VALUES (7, 'Admin', 'Systemowy', 'admin@example.com', '$2a$10$Xg6FVKz4Fs9KU2qzL5qUouFVX8VNHN91OtQxcjxVLCajwIwQerGBu', '+48 789 012 345', false, true, 'ADMIN', '2025-01-07 16:00:00', '2025-01-07 16:00:00', NULL, NULL, '2025-01-07 16:00:00');
INSERT INTO users (id, first_name, last_name, email, password, phone_number, blocked, verified, user_type, created_at, updated_at, changed_password_at, blocked_at, verified_at) VALUES (8, 'Zablokowany', 'Uzytkownik', 'blocked@example.com', '$2a$10$Xg6FVKz4Fs9KU2qzL5qUouFVX8VNHN91OtQxcjxVLCajwIwQerGBu', '+48 000 000 000', true, true, 'USER', '2025-01-08 17:00:00', '2025-01-08 17:00:00', NULL, '2025-01-08 17:30:00', '2025-01-08 17:00:00');

INSERT INTO terms (id, category_id, title, content, created_at, updated_at) VALUES (1, 11, 'Regulamin ogolny wypozyczania narzedzi', 'REGULAMIN WYPOZYCZANIA NARZEDZI. 1. Aplikacja sluzy do laczenia czlonkow lokalnej spolecznosci. 2. Wszystkie transakcje odbywaja sie poza aplikacja. 3. Najemca odpowiada za narzedzie od odbioru do zwrotu. 4. Narzedzie nalezy zwrocic w terminie i w stanie niepogorszonym.', '2025-01-01 10:00:00', '2025-01-01 10:00:00');
INSERT INTO terms (id, category_id, title, content, created_at, updated_at) VALUES (2, 1, 'Regulamin wypozyczania narzedzi ogrodniczych', 'REGULAMIN NARZEDZI OGRODNICZYCH. 1. Dotyczy kosiarek, sekatorow, szpadli. 2. Transakcje poza aplikacja. 3. Narzedzia zwrocic czyste i suche. 4. Najemca odpowiada za szkody.', '2025-01-01 10:00:00', '2025-01-01 10:00:00');
INSERT INTO terms (id, category_id, title, content, created_at, updated_at) VALUES (3, 2, 'Regulamin wypozyczania narzedzi budowlanych', 'REGULAMIN NARZEDZI BUDOWLANYCH. 1. Dotyczy wiertelek, mlotow, szlifierek. 2. Transakcje poza aplikacja. 3. Przestrzegac zasad BHP. 4. Narzedzia zwrocic czyste z kompletem akcesorii.', '2025-01-01 10:00:00', '2025-01-01 10:00:00');
INSERT INTO terms (id, category_id, title, content, created_at, updated_at) VALUES (4, 3, 'Regulamin wypozyczania narzedzi elektrycznych', 'REGULAMIN NARZEDZI ELEKTRYCZNYCH. 1. Dotyczy wkretarek, szlifierek, pil elektrycznych. 2. Transakcje poza aplikacja. 3. Uzywac zgodnie z instrukcja producenta. 4. Zwrocic z kompletem kabli i akcesoriow.', '2025-01-01 10:00:00', '2025-01-01 10:00:00');
INSERT INTO terms (id, category_id, title, content, created_at, updated_at) VALUES (5, 4, 'Regulamin wypozyczania narzedzi hydraulicznych', 'REGULAMIN NARZEDZI HYDRAULICZNYCH. 1. Dotyczy kluczy, pras, narzedzi do rur. 2. Transakcje poza aplikacja. 3. Narzedzia zwrocic czyste i suche. 4. Najemca odpowiada za szkody.', '2025-01-01 10:00:00', '2025-01-01 10:00:00');

INSERT INTO tools (id, name, description, price_per_day, category_id, owner_id, address, latitude, longitude, main_image_url, terms_id, created_at, updated_at, is_active, moderation_status, moderator_id, moderated_at, moderation_comment) VALUES (1, 'Wiertarka udarowa Bosch', 'Profesjonalna wiertarka udarowa z zestawem wiertel. Idealna do prac budowlanych.', 50.00, 2, 1, 'Rzeszow - centrum', 50.0412, 21.9991, NULL, 3, '2025-01-10 09:00:00', '2025-01-10 09:00:00', true, 'APPROVED', 6, '2025-01-10 10:00:00', 'Narzedzie zatwierdzone');
INSERT INTO tools (id, name, description, price_per_day, category_id, owner_id, address, latitude, longitude, main_image_url, terms_id, created_at, updated_at, is_active, moderation_status, moderator_id, moderated_at, moderation_comment) VALUES (2, 'Kosiarka spalinowa', 'Kosiarka spalinowa 5.5KM, szerokosc koszenia 46cm. Idealna do duzych trawnikow.', 80.00, 1, 1, 'Rzeszow - Staroniwa', 50.0200, 22.0300, NULL, 2, '2025-01-11 10:00:00', '2025-01-11 10:00:00', true, 'APPROVED', 6, '2025-01-11 11:00:00', 'Zatwierdzone');
INSERT INTO tools (id, name, description, price_per_day, category_id, owner_id, address, latitude, longitude, main_image_url, terms_id, created_at, updated_at, is_active, moderation_status, moderator_id, moderated_at, moderation_comment) VALUES (3, 'Wkretarka akumulatorowa', 'Wkretarka akumulatorowa 18V z dwoma bateriami. Kompletna w zestawie.', 40.00, 3, 1, 'Rzeszow - Drabinianka', 50.0150, 22.0050, NULL, 4, '2025-01-12 11:00:00', '2025-01-12 11:00:00', true, 'APPROVED', 6, '2025-01-12 12:00:00', 'OK');
INSERT INTO tools (id, name, description, price_per_day, category_id, owner_id, address, latitude, longitude, main_image_url, terms_id, created_at, updated_at, is_active, moderation_status, moderator_id, moderated_at, moderation_comment) VALUES (4, 'Mlot pneumatyczny', 'Mlot pneumatyczny do kucia betonu i asfaltu. Bardzo wydajny.', 120.00, 2, 2, 'Glogow Malopolski', 50.1350, 21.9700, NULL, 3, '2025-01-13 12:00:00', '2025-01-13 12:00:00', true, 'APPROVED', 6, '2025-01-13 13:00:00', 'Zatwierdzone');
INSERT INTO tools (id, name, description, price_per_day, category_id, owner_id, address, latitude, longitude, main_image_url, terms_id, created_at, updated_at, is_active, moderation_status, moderator_id, moderated_at, moderation_comment) VALUES (5, 'Sekator elektryczny', 'Sekator elektryczny do zywoplotow. Dlugosc ostrza 60cm.', 35.00, 1, 2, 'Tyczyn', 50.1050, 22.0300, NULL, 2, '2025-01-14 13:00:00', '2025-01-14 13:00:00', true, 'APPROVED', 6, '2025-01-14 14:00:00', 'OK');
INSERT INTO tools (id, name, description, price_per_day, category_id, owner_id, address, latitude, longitude, main_image_url, terms_id, created_at, updated_at, is_active, moderation_status, moderator_id, moderated_at, moderation_comment) VALUES (6, 'Wiertarka do betonu', 'Wiertarka udarowa do betonu 1500W. Zestaw wiertel w zestawie.', 60.00, 2, 2, 'Boguchwala', 50.0850, 22.1400, NULL, 3, '2025-01-15 14:00:00', '2025-01-15 14:00:00', true, 'APPROVED', 6, '2025-01-15 15:00:00', 'Zatwierdzone');
INSERT INTO tools (id, name, description, price_per_day, category_id, owner_id, address, latitude, longitude, main_image_url, terms_id, created_at, updated_at, is_active, moderation_status, moderator_id, moderated_at, moderation_comment) VALUES (7, 'Klucz nasadowy', 'Komplet kluczy nasadowych 1/2 cala, 72 sztuki. Profesjonalny zestaw.', 45.00, 11, 3, 'Lancut', 50.0670, 22.2290, NULL, 1, '2025-01-16 15:00:00', '2025-01-16 15:00:00', true, 'APPROVED', 6, '2025-01-16 16:00:00', 'Zatwierdzone');
INSERT INTO tools (id, name, description, price_per_day, category_id, owner_id, address, latitude, longitude, main_image_url, terms_id, created_at, updated_at, is_active, moderation_status, moderator_id, moderated_at, moderation_comment) VALUES (8, 'Prasa do rur', 'Prasa hydrauliczna do rur miedzianych i z tworzyw sztucznych.', 90.00, 4, 3, 'Lezajsk', 50.2580, 22.4190, NULL, 5, '2025-01-17 16:00:00', '2025-01-17 16:00:00', true, 'APPROVED', 6, '2025-01-17 17:00:00', 'OK');
INSERT INTO tools (id, name, description, price_per_day, category_id, owner_id, address, latitude, longitude, main_image_url, terms_id, created_at, updated_at, is_active, moderation_status, moderator_id, moderated_at, moderation_comment) VALUES (9, 'Pilarka tarczowa', 'Pilarka tarczowa 2000W do drewna i metalu. Nowa, nieuzywana.', 55.00, 3, 4, 'Przeworsk', 50.0590, 22.4940, NULL, 4, '2025-01-18 17:00:00', '2025-01-18 17:00:00', true, 'PENDING', NULL, NULL, NULL);
INSERT INTO tools (id, name, description, price_per_day, category_id, owner_id, address, latitude, longitude, main_image_url, terms_id, created_at, updated_at, is_active, moderation_status, moderator_id, moderated_at, moderation_comment) VALUES (10, 'Was ogrodowy', 'Was ogrodowy 50m z pistoletem zraszajacym. Wysokiej jakosci.', 25.00, 1, 4, 'Jaroslaw', 50.0170, 22.6770, NULL, 2, '2025-01-19 18:00:00', '2025-01-19 18:00:00', true, 'PENDING', NULL, NULL, NULL);
INSERT INTO tools (id, name, description, price_per_day, category_id, owner_id, address, latitude, longitude, main_image_url, terms_id, created_at, updated_at, is_active, moderation_status, moderator_id, moderated_at, moderation_comment) VALUES (11, 'Narzedzie testowe', 'To narzedzie zostalo odrzucone przez moderatora.', 30.00, 11, 5, 'Stalowa Wola', 50.5680, 22.0530, NULL, 1, '2025-01-20 19:00:00', '2025-01-20 19:00:00', false, 'REJECTED', 6, '2025-01-20 20:00:00', 'Narzedzie nie spelnia wymagan');
INSERT INTO tools (id, name, description, price_per_day, category_id, owner_id, address, latitude, longitude, main_image_url, terms_id, created_at, updated_at, is_active, moderation_status, moderator_id, moderated_at, moderation_comment) VALUES (12, 'Szpadel', 'Szpadel ogrodowy z trzonkiem drewnianym. Uzywany ale sprawny.', 15.00, 1, 1, 'Tarnobrzeg', 50.5730, 21.6780, NULL, 2, '2025-01-21 20:00:00', '2025-01-21 20:00:00', false, 'APPROVED', 6, '2025-01-21 21:00:00', 'Zatwierdzone');
INSERT INTO tools (id, name, description, price_per_day, category_id, owner_id, address, latitude, longitude, main_image_url, terms_id, created_at, updated_at, is_active, moderation_status, moderator_id, moderated_at, moderation_comment) VALUES (13, 'Agregat pradotworczy 3kW', 'Agregat pradotworczy benzynowy 3000W. Idealny do prac bez dostepu do pradu.', 100.00, 3, 2, 'Rzeszow - Baranowka', 50.0280, 22.0450, NULL, 4, '2025-01-22 10:00:00', '2025-01-22 10:00:00', true, 'APPROVED', 6, '2025-01-22 11:00:00', 'Zatwierdzone');
INSERT INTO tools (id, name, description, price_per_day, category_id, owner_id, address, latitude, longitude, main_image_url, terms_id, created_at, updated_at, is_active, moderation_status, moderator_id, moderated_at, moderation_comment) VALUES (14, 'Drabina aluminiowa 5m', 'Drabina teleskopowa aluminiowa, maksymalna wysokosc 5 metrow. Solidna konstrukcja.', 30.00, 11, 3, 'Rzeszow - Przybyszowka', 50.0450, 22.0200, NULL, 1, '2025-01-23 09:00:00', '2025-01-23 09:00:00', true, 'APPROVED', 6, '2025-01-23 10:00:00', 'Narzedzie w dobrym stanie');
INSERT INTO tools (id, name, description, price_per_day, category_id, owner_id, address, latitude, longitude, main_image_url, terms_id, created_at, updated_at, is_active, moderation_status, moderator_id, moderated_at, moderation_comment) VALUES (15, 'Myjka cisnieniowa Karcher', 'Myjka wysokocisnieniowa 140 bar. Swietna do mycia samochodow, tarasow i fasad.', 45.00, 7, 1, 'Rzeszow - Slocina', 50.0100, 22.0100, NULL, 1, '2025-01-24 08:00:00', '2025-01-24 08:00:00', true, 'APPROVED', 6, '2025-01-24 09:00:00', 'Zatwierdzone');

INSERT INTO reservations (id, tool_id, renter_id, start_date, end_date, total_price, status, terms_id, terms_accepted_at, created_at, updated_at) VALUES (1, 1, 2, '2025-12-01', '2025-12-05', 200.00, 'PENDING', NULL, NULL, '2025-11-20 10:00:00', '2025-11-20 10:00:00');
INSERT INTO reservations (id, tool_id, renter_id, start_date, end_date, total_price, status, terms_id, terms_accepted_at, created_at, updated_at) VALUES (2, 2, 3, '2025-12-10', '2025-12-15', 400.00, 'CONFIRMED', NULL, NULL, '2025-11-21 11:00:00', '2025-11-21 12:00:00');
INSERT INTO reservations (id, tool_id, renter_id, start_date, end_date, total_price, status, terms_id, terms_accepted_at, created_at, updated_at) VALUES (3, 4, 4, '2025-12-20', '2025-12-25', 600.00, 'REGULATIONS_ACCEPTED', 3, '2025-11-22 13:00:00', '2025-11-22 12:00:00', '2025-11-22 13:00:00');
INSERT INTO reservations (id, tool_id, renter_id, start_date, end_date, total_price, status, terms_id, terms_accepted_at, created_at, updated_at) VALUES (4, 3, 4, '2025-12-01', '2025-12-03', 80.00, 'CANCELED', NULL, NULL, '2025-11-23 14:00:00', '2025-11-23 15:00:00');
INSERT INTO reservations (id, tool_id, renter_id, start_date, end_date, total_price, status, terms_id, terms_accepted_at, created_at, updated_at) VALUES (5, 7, 2, '2025-12-15', '2025-12-20', 225.00, 'CONFIRMED', NULL, NULL, '2025-11-24 15:00:00', '2025-11-24 16:00:00');

INSERT INTO tool_images (id, url, filename, content_type, is_main, tool_id, created_at, updated_at) VALUES (1, 'http://localhost:8080/api/v1/files/tool1_main.jpg', 'tool1_main.jpg', 'image/jpeg', true, 1, '2025-01-10 09:30:00', '2025-01-10 09:30:00');
INSERT INTO tool_images (id, url, filename, content_type, is_main, tool_id, created_at, updated_at) VALUES (2, 'http://localhost:8080/api/v1/files/tool1_2.jpg', 'tool1_2.jpg', 'image/jpeg', false, 1, '2025-01-10 09:31:00', '2025-01-10 09:31:00');
INSERT INTO tool_images (id, url, filename, content_type, is_main, tool_id, created_at, updated_at) VALUES (3, 'http://localhost:8080/api/v1/files/tool1_3.jpg', 'tool1_3.jpg', 'image/jpeg', false, 1, '2025-01-10 09:32:00', '2025-01-10 09:32:00');
INSERT INTO tool_images (id, url, filename, content_type, is_main, tool_id, created_at, updated_at) VALUES (4, 'http://localhost:8080/api/v1/files/tool2_main.jpg', 'tool2_main.jpg', 'image/jpeg', true, 2, '2025-01-11 10:30:00', '2025-01-11 10:30:00');
INSERT INTO tool_images (id, url, filename, content_type, is_main, tool_id, created_at, updated_at) VALUES (5, 'http://localhost:8080/api/v1/files/tool2_2.jpg', 'tool2_2.jpg', 'image/jpeg', false, 2, '2025-01-11 10:31:00', '2025-01-11 10:31:00');
INSERT INTO tool_images (id, url, filename, content_type, is_main, tool_id, created_at, updated_at) VALUES (6, 'http://localhost:8080/api/v1/files/tool3_main.jpg', 'tool3_main.jpg', 'image/jpeg', true, 3, '2025-01-12 11:30:00', '2025-01-12 11:30:00');
INSERT INTO tool_images (id, url, filename, content_type, is_main, tool_id, created_at, updated_at) VALUES (7, 'http://localhost:8080/api/v1/files/tool3_2.jpg', 'tool3_2.jpg', 'image/jpeg', false, 3, '2025-01-12 11:31:00', '2025-01-12 11:31:00');
INSERT INTO tool_images (id, url, filename, content_type, is_main, tool_id, created_at, updated_at) VALUES (8, 'http://localhost:8080/api/v1/files/tool4_main.jpg', 'tool4_main.jpg', 'image/jpeg', true, 4, '2025-01-13 12:30:00', '2025-01-13 12:30:00');
INSERT INTO tool_images (id, url, filename, content_type, is_main, tool_id, created_at, updated_at) VALUES (9, 'http://localhost:8080/api/v1/files/tool4_2.jpg', 'tool4_2.jpg', 'image/jpeg', false, 4, '2025-01-13 12:31:00', '2025-01-13 12:31:00');
INSERT INTO tool_images (id, url, filename, content_type, is_main, tool_id, created_at, updated_at) VALUES (10, 'http://localhost:8080/api/v1/files/tool5_main.jpg', 'tool5_main.jpg', 'image/jpeg', true, 5, '2025-01-14 13:30:00', '2025-01-14 13:30:00');
INSERT INTO tool_images (id, url, filename, content_type, is_main, tool_id, created_at, updated_at) VALUES (11, 'http://localhost:8080/api/v1/files/tool6_main.jpg', 'tool6_main.jpg', 'image/jpeg', true, 6, '2025-01-15 14:30:00', '2025-01-15 14:30:00');
INSERT INTO tool_images (id, url, filename, content_type, is_main, tool_id, created_at, updated_at) VALUES (12, 'http://localhost:8080/api/v1/files/tool6_2.jpg', 'tool6_2.jpg', 'image/jpeg', false, 6, '2025-01-15 14:31:00', '2025-01-15 14:31:00');
INSERT INTO tool_images (id, url, filename, content_type, is_main, tool_id, created_at, updated_at) VALUES (13, 'http://localhost:8080/api/v1/files/tool7_main.jpg', 'tool7_main.jpg', 'image/jpeg', true, 7, '2025-01-16 15:30:00', '2025-01-16 15:30:00');
INSERT INTO tool_images (id, url, filename, content_type, is_main, tool_id, created_at, updated_at) VALUES (14, 'http://localhost:8080/api/v1/files/tool8_main.jpg', 'tool8_main.jpg', 'image/jpeg', true, 8, '2025-01-17 16:30:00', '2025-01-17 16:30:00');
INSERT INTO tool_images (id, url, filename, content_type, is_main, tool_id, created_at, updated_at) VALUES (15, 'http://localhost:8080/api/v1/files/tool9_main.jpg', 'tool9_main.jpg', 'image/jpeg', true, 9, '2025-01-18 17:30:00', '2025-01-18 17:30:00');
INSERT INTO tool_images (id, url, filename, content_type, is_main, tool_id, created_at, updated_at) VALUES (16, 'http://localhost:8080/api/v1/files/tool9_2.jpg', 'tool9_2.jpg', 'image/jpeg', false, 9, '2025-01-18 17:31:00', '2025-01-18 17:31:00');
INSERT INTO tool_images (id, url, filename, content_type, is_main, tool_id, created_at, updated_at) VALUES (17, 'http://localhost:8080/api/v1/files/tool10_main.jpg', 'tool10_main.jpg', 'image/jpeg', true, 10, '2025-01-19 18:30:00', '2025-01-19 18:30:00');
INSERT INTO tool_images (id, url, filename, content_type, is_main, tool_id, created_at, updated_at) VALUES (18, 'http://localhost:8080/api/v1/files/tool11_main.jpg', 'tool11_main.jpg', 'image/jpeg', true, 11, '2025-01-20 19:30:00', '2025-01-20 19:30:00');
INSERT INTO tool_images (id, url, filename, content_type, is_main, tool_id, created_at, updated_at) VALUES (19, 'http://localhost:8080/api/v1/files/tool12_main.jpg', 'tool12_main.jpg', 'image/jpeg', true, 12, '2025-01-21 20:30:00', '2025-01-21 20:30:00');
INSERT INTO tool_images (id, url, filename, content_type, is_main, tool_id, created_at, updated_at) VALUES (20, 'http://localhost:8080/api/v1/files/tool13_main.jpg', 'tool13_main.jpg', 'image/jpeg', true, 13, '2025-01-22 10:30:00', '2025-01-22 10:30:00');
INSERT INTO tool_images (id, url, filename, content_type, is_main, tool_id, created_at, updated_at) VALUES (21, 'http://localhost:8080/api/v1/files/tool13_2.jpg', 'tool13_2.jpg', 'image/jpeg', false, 13, '2025-01-22 10:31:00', '2025-01-22 10:31:00');
INSERT INTO tool_images (id, url, filename, content_type, is_main, tool_id, created_at, updated_at) VALUES (22, 'http://localhost:8080/api/v1/files/tool14_main.jpg', 'tool14_main.jpg', 'image/jpeg', true, 14, '2025-01-23 09:30:00', '2025-01-23 09:30:00');
INSERT INTO tool_images (id, url, filename, content_type, is_main, tool_id, created_at, updated_at) VALUES (23, 'http://localhost:8080/api/v1/files/tool15_main.jpg', 'tool15_main.jpg', 'image/jpeg', true, 15, '2025-01-24 08:30:00', '2025-01-24 08:30:00');
INSERT INTO tool_images (id, url, filename, content_type, is_main, tool_id, created_at, updated_at) VALUES (24, 'http://localhost:8080/api/v1/files/tool15_2.jpg', 'tool15_2.jpg', 'image/jpeg', false, 15, '2025-01-24 08:31:00', '2025-01-24 08:31:00');

UPDATE tools SET main_image_url = 'http://localhost:8080/api/v1/files/tool1_main.jpg' WHERE id = 1;
UPDATE tools SET main_image_url = 'http://localhost:8080/api/v1/files/tool2_main.jpg' WHERE id = 2;
UPDATE tools SET main_image_url = 'http://localhost:8080/api/v1/files/tool3_main.jpg' WHERE id = 3;
UPDATE tools SET main_image_url = 'http://localhost:8080/api/v1/files/tool4_main.jpg' WHERE id = 4;
UPDATE tools SET main_image_url = 'http://localhost:8080/api/v1/files/tool5_main.jpg' WHERE id = 5;
UPDATE tools SET main_image_url = 'http://localhost:8080/api/v1/files/tool6_main.jpg' WHERE id = 6;
UPDATE tools SET main_image_url = 'http://localhost:8080/api/v1/files/tool7_main.jpg' WHERE id = 7;
UPDATE tools SET main_image_url = 'http://localhost:8080/api/v1/files/tool8_main.jpg' WHERE id = 8;
UPDATE tools SET main_image_url = 'http://localhost:8080/api/v1/files/tool9_main.jpg' WHERE id = 9;
UPDATE tools SET main_image_url = 'http://localhost:8080/api/v1/files/tool10_main.jpg' WHERE id = 10;
UPDATE tools SET main_image_url = 'http://localhost:8080/api/v1/files/tool11_main.jpg' WHERE id = 11;
UPDATE tools SET main_image_url = 'http://localhost:8080/api/v1/files/tool12_main.jpg' WHERE id = 12;
UPDATE tools SET main_image_url = 'http://localhost:8080/api/v1/files/tool13_main.jpg' WHERE id = 13;
UPDATE tools SET main_image_url = 'http://localhost:8080/api/v1/files/tool14_main.jpg' WHERE id = 14;
UPDATE tools SET main_image_url = 'http://localhost:8080/api/v1/files/tool15_main.jpg' WHERE id = 15;

SELECT setval('categories_seq', 11) WHERE EXISTS (SELECT 1 FROM pg_class WHERE relname = 'categories_seq' AND relkind = 'S');
SELECT setval('users_seq', 8) WHERE EXISTS (SELECT 1 FROM pg_class WHERE relname = 'users_seq' AND relkind = 'S');
SELECT setval('terms_seq', 5) WHERE EXISTS (SELECT 1 FROM pg_class WHERE relname = 'terms_seq' AND relkind = 'S');
SELECT setval('tools_seq', 15) WHERE EXISTS (SELECT 1 FROM pg_class WHERE relname = 'tools_seq' AND relkind = 'S');
SELECT setval('reservations_seq', 5) WHERE EXISTS (SELECT 1 FROM pg_class WHERE relname = 'reservations_seq' AND relkind = 'S');
SELECT setval('tool_images_seq', 24) WHERE EXISTS (SELECT 1 FROM pg_class WHERE relname = 'tool_images_seq' AND relkind = 'S');